url,is_phishing,url_length,contains_ip,num_special_chars,num_subdomains,has_https,suspicious_words,domain_age,redirect_count
https://www.google.com/search?q=weather,0,36,0,2,1,1,0,25,0
https://mail.yahoo.com/mail/u/0/#inbox,0,34,0,3,2,1,0,28,0
https://www.amazon.com/dp/B07FZ8S74R/,0,33,0,2,1,1,0,27,0
https://twitter.com/login,0,21,0,1,1,1,0,16,0
https://www.facebook.com/,0,22,0,0,1,1,0,19,0
https://www.linkedin.com/feed/,0,27,0,1,1,1,0,19,0
https://github.com/repository/issues,0,31,0,1,1,1,0,15,0
https://stackoverflow.com/questions/tagged/python,0,45,0,2,1,1,0,14,0
https://www.netflix.com/browse,0,26,0,1,1,1,0,24,0
http://192.168.1.1/admin.php,0,25,1,1,0,0,0,0,0
http://apple-support.secure-login.com/verification/,1,49,0,2,3,0,2,1,1
http://paypa1.com/secure/login.html,1,34,0,2,1,0,1,1,2
http://banking.secure-validate.com/confirm.php,1,47,0,1,2,0,2,1,1
https://www.faceb00k.com/login.php,1,33,0,1,1,1,1,2,0
http://secure.bankofamerica.authenticate.com/verify,1,53,0,0,3,0,2,0,1
http://www.amazonn.com/order/confirmation,1,40,0,1,1,0,1,1,0
http://appleid.apple.com.verify-account.net/login,1,52,0,2,4,0,2,1,2
http://45.67.89.123/secure/payment.html,1,37,1,2,0,0,1,0,1
http://accounts.google.com.security-check.info/login,1,54,0,2,4,0,2,1,1
https://www.microsoft-verify.online/account/login,1,46,0,1,2,1,2,0,1
http://www.dropbox.security-verify.com/login,1,44,0,1,3,0,2,1,1
http://drive.google.docs-sign.com/sharing/file,1,45,0,2,3,0,1,1,0
http://linkedin-connect.profile-view.net/connect,1,48,0,2,3,0,1,2,1
http://www.ebay-accounts.com/verify/user/login,1,46,0,3,2,0,1,1,1
http://myaccount.google.verification-required.com/login,1,58,0,2,3,0,2,0,1
http://www.paypal-secure.verification-center.com/account,1,57,0,2,3,0,2,0,2
http://netflix.account-update.com/payment/details,1,50,0,2,2,0,2,1,1
http://secure-banking.chase-verification.com/login,1,52,0,2,3,0,2,0,2
http://instagram-security.account-alert.net/verify,1,53,0,2,3,0,2,0,1
http://verification.account.amazon.security-check.com/login,1,63,0,3,4,0,2,0,2
https://www.nytimes.com/section/technology,0,40,0,1,1,1,0,27,0
https://www.bbc.com/news/world,0,27,0,1,1,1,0,25,0
https://www.reddit.com/r/Python/,0,29,0,2,1,1,0,18,0
https://docs.python.org/3/tutorial/,0,33,0,2,2,1,0,20,0
https://en.wikipedia.org/wiki/Machine_learning,0,44,0,2,1,1,0,21,0
https://www.youtube.com/watch?v=dQw4w9WgXcQ,0,41,0,2,1,1,0,17,0
https://www.instagram.com/explore/,0,31,0,1,1,1,0,14,0
https://www.cnn.com/world,0,21,0,1,1,1,0,26,0
https://www.apple.com/iphone/,0,25,0,1,1,1,0,29,0
https://www.microsoft.com/en-us/windows/,0,37,0,2,1,1,0,31,0
http://bank.com.secure-login.pw/auth,1,36,0,2,3,0,2,0,1
http://103.45.67.89/secure-login.php,1,33,1,1,0,0,1,0,1
http://www.verify-appleid.com.securelogin.net/auth,1,52,0,2,3,0,2,0,2
http://login-secure.banking-update.com/confirm,1,46,0,2,2,0,2,0,1
http://amaz0n.com/account/login.php,1,33,0,2,1,0,1,1,0
http://facebo0k-security.com/login,1,33,0,1,2,0,2,1,0
http://outlook-verify.security-alert.com/mail,1,45,0,2,3,0,2,0,1
http://support.microsoft.account-verify.com/login,1,51,0,2,3,0,2,0,1
http://chase-secure.account-verification.net/login,1,52,0,2,3,0,2,0,2
http://192.45.78.123/banking/login.php,1,35,1,2,0,0,1,0,1